﻿{"TrackPackagesResponse": {"successful": true, "passedLoggedInCheck": false, "errorList": [{"code": "0", "message": "Request was successfully processed.", "source": null, "rootCause": null}], "packageList": [{"shipperAccountNumber": null, "trackingNbr": "110738916651", "trackingQualifier": "2458865000~110738916651~FX", "trackingCarrierCd": "FDXE", "trackingCarrierDesc": "FedEx Express", "displayTrackingNbr": "110738916651", "shipperCmpnyName": "", "shipperName": "", "shipperAddr1": "", "shipperAddr2": "", "shipperAddrLines": null, "shipperCity": "HIGASHIOSAKA-SHI", "shipperStateCD": "", "shipperZip": "", "shipperCntryCD": "JP", "shipperPhoneNbr": "", "shippedBy": "", "recipientCmpnyName": "", "recipientName": "", "recipientAddr1": "", "recipientAddr2": "", "recipientAddrLines": null, "recipientCity": "YONGIN-SI GYEONGGI-DO", "recipientStateCD": "", "recipientZip": "", "recipientCntryCD": "KR", "recipientPhoneNbr": "", "shippedTo": "", "keyStatus": "배송됨", "keyStatusCD": "DL", "lastScanStatus": "", "lastScanDateTime": "", "receivedByNm": "K.KIM SINYOUNG", "subStatus": "서명자: K.KIM SINYOUNG", "mainStatus": "", "statusBarCD": "DL", "shortStatus": "", "shortStatusCD": "", "statusLocationAddr1": "", "statusLocationAddr2": "", "statusLocationAddrLines": null, "statusLocationCity": "YONGIN-SI GYEONGGI-DO", "statusLocationStateCD": "", "statusLocationZip": "", "statusLocationCntryCD": "KR", "statusWithDetails": "배송됨: 20/01/2020 16:32 서명자:K.KIM SINYOUNG; YONGIN-SI GYEONGGI-DO, KR", "halType": "", "halCmpnyName": "", "isHALAddress": false, "shipDt": "2020-01-16T00:00:00-06:00", "displayShipDt": "16/01/2020", "displayShipTm": "", "displayShipDateTime": "16/01/2020", "pickupDt": "2020-01-16T16:33:00+09:00", "displayPickupDt": "16/01/2020", "displayPickupTm": "16:33", "displayPickupDateTime": "16/01/2020 16:33", "estDeliveryDt": "", "estDeliveryTm": "", "displayEstDeliveryDt": "", "displayEstDeliveryTm": "", "displayEstDeliveryDateTime": "", "actDeliveryDt": "2020-01-20T16:32:00+09:00", "displayActDeliveryDt": "20/01/2020", "displayActDeliveryTm": "16:32", "displayActDeliveryDateTime": "20/01/2020 16:32", "tenderedDt": "2020-01-16T16:33:00+09:00", "displayTenderedDt": "16/01/2020", "displayTenderedTm": "16:33", "displayTenderedDateTime": "16/01/2020 16:33", "apptDeliveryDt": "", "displayApptDeliveryDt": "", "displayApptDeliveryTm": "", "displayApptDeliveryDateTime": "", "attemptedDelivery": null, "availableAtStation": null, "codDetail": null, "nickName": "", "note": "", "matchedAccountList": [""], "fxfAdvanceETA": "", "fxfAdvanceReason": "", "fxfAdvanceStatusCode": "", "fxfAdvanceStatusDesc": "", "destLink": "", "originLink": "", "hasBillOfLadingImage": false, "hasBillPresentment": false, "signatureRequired": 0, "totalKgsWgt": "1.95", "displayTotalKgsWgt": "1.95 kgs", "totalLbsWgt": "4.3", "displayTotalLbsWgt": "4.3 파운드", "displayTotalWgt": "4.3 파운드 / 1.95 kgs", "pkgKgsWgt": "1.95", "displayPkgKgsWgt": "1.95 kgs", "pkgLbsWgt": "4.3", "displayPkgLbsWgt": "4.3 파운드", "displayPkgWgt": "4.3 파운드 / 1.95 kgs", "totalDIMLbsWgt": "", "displayTotalDIMLbsWgt": "", "totalDIMKgsWgt": "", "displayTotalDIMKgsWgt": "", "displayTotalDIMWgt": "", "dimensions": "16x13x6 인치", "masterTrackingNbr": "", "masterQualifier": "", "masterCarrierCD": "", "originalOutboundTrackingNbr": null, "originalOutboundQualifier": "", "originalOutboundCarrierCD": "", "invoiceNbrList": ["X6"], "referenceList": [""], "doorTagNbrList": [""], "referenceDescList": [""], "purchaseOrderNbrList": [""], "billofLadingNbrList": [""], "shipperRefList": ["P200000886145"], "rmaList": [""], "deptNbrList": [""], "shipmentIdList": [""], "tcnList": [""], "partnerCarrierNbrList": [""], "hasAssociatedShipments": false, "hasAssociatedReturnShipments": false, "assocShpGrp": 0, "drTgGrp": ["0"], "associationInfoList": [{"trackingNumberInfo": {"trackingNumber": "", "trackingQualifier": "", "trackingCarrier": "", "processingParameters": null}, "associatedType": ""}], "returnReason": "", "returnRelationship": null, "skuItemUpcCdList": [""], "receiveQtyList": [""], "itemDescList": [""], "partNbrList": [""], "serviceCD": "INTERNATIONAL_PRIORITY", "serviceDesc": "International Priority", "serviceShortDesc": "IP", "packageType": "YOUR_PACKAGING", "packaging": "Your Packaging", "clearanceDetailLink": "", "showClearanceDetailLink": false, "manufactureCountryCDList": [""], "commodityCDList": [""], "commodityDescList": [""], "cerNbrList": [""], "cerComplaintCDList": [""], "cerComplaintDescList": [""], "cerEventDateList": [""], "displayCerEventDateList": [""], "totalPieces": "1", "specialHandlingServicesList": ["주중 배달", "거주지 배달"], "shipmentType": "", "pkgContentDesc1": "", "pkgContentDesc2": "", "docAWBNbr": "", "originalCharges": "", "transportationCD": "", "transportationDesc": "", "dutiesAndTaxesCD": "", "dutiesAndTaxesDesc": "", "origPieceCount": "", "destPieceCount": "", "billNoteMsg": "", "goodsClassificationCD": "", "receipientAddrQty": "0", "deliveryAttempt": "0", "codReturnTrackNbr": "", "returnMovementStatus": null, "scanEventList": [{"date": "2020-01-20", "time": "16:32:00", "gmtOffset": "+09:00", "status": "배달 완료", "statusCD": "DL", "scanLocation": "YONGIN-SI GYEONGGI-DO KR", "scanDetails": "", "scanDetailsHtml": "", "rtrnShprTrkNbr": "", "statusExceptionCode": "", "isException": false, "isDelException": false, "isClearanceDelay": false, "isDelivered": true}, {"date": "2020-01-20", "time": "10:07:00", "gmtOffset": "+09:00", "status": "배달을 위해 FedEx 운송 수단에 적재됨", "statusCD": "OD", "scanLocation": "SUWON-SI KR", "scanDetails": "", "scanDetailsHtml": "", "rtrnShprTrkNbr": "", "statusExceptionCode": "", "isException": false, "isDelException": false, "isClearanceDelay": false, "isDelivered": false}, {"date": "2020-01-18", "time": "09:23:00", "gmtOffset": "+09:00", "status": "FedEx 사무소에 있음", "statusCD": "AR", "scanLocation": "SUWON-SI KR", "scanDetails": "", "scanDetailsHtml": "", "rtrnShprTrkNbr": "", "statusExceptionCode": "", "isException": false, "isDelException": false, "isClearanceDelay": false, "isDelivered": false}, {"date": "2020-01-18", "time": "09:21:00", "gmtOffset": "+09:00", "status": "FedEx 사무소에 있음", "statusCD": "AR", "scanLocation": "SUWON-SI KR", "scanDetails": "", "scanDetailsHtml": "", "rtrnShprTrkNbr": "", "statusExceptionCode": "", "isException": false, "isDelException": false, "isClearanceDelay": false, "isDelivered": false}, {"date": "2020-01-18", "time": "09:21:00", "gmtOffset": "+09:00", "status": "FedEx 사무소에 있음", "statusCD": "AR", "scanLocation": "SUWON-SI KR", "scanDetails": "배달 예정일이 아닌 화물", "scanDetailsHtml": "", "rtrnShprTrkNbr": "", "statusExceptionCode": "41", "isException": false, "isDelException": false, "isClearanceDelay": false, "isDelivered": false}, {"date": "2020-01-17", "time": "19:01:00", "gmtOffset": "+09:00", "status": "배달 예외 사항", "statusCD": "DE", "scanLocation": "SUWON-SI KR", "scanDetails": "배달차가 출발한 후에 화물 도착함.", "scanDetailsHtml": "", "rtrnShprTrkNbr": "", "statusExceptionCode": "31", "isException": true, "isDelException": true, "isClearanceDelay": false, "isDelivered": false}, {"date": "2020-01-17", "time": "19:01:00", "gmtOffset": "+09:00", "status": "FedEx 사무소에 있음", "statusCD": "AR", "scanLocation": "SUWON-SI KR", "scanDetails": "", "scanDetailsHtml": "", "rtrnShprTrkNbr": "", "statusExceptionCode": "", "isException": false, "isDelException": false, "isClearanceDelay": false, "isDelivered": false}, {"date": "2020-01-17", "time": "13:44:00", "gmtOffset": "+09:00", "status": "FedEx 사무소에 있음", "statusCD": "AR", "scanLocation": "SUWON-SI KR", "scanDetails": "", "scanDetailsHtml": "", "rtrnShprTrkNbr": "", "statusExceptionCode": "", "isException": false, "isDelException": false, "isClearanceDelay": false, "isDelivered": false}, {"date": "2020-01-17", "time": "13:43:00", "gmtOffset": "+09:00", "status": "배달 예외 사항", "statusCD": "DE", "scanLocation": "SUWON-SI KR", "scanDetails": "배달차가 출발한 후에 화물 도착함.", "scanDetailsHtml": "", "rtrnShprTrkNbr": "", "statusExceptionCode": "31", "isException": true, "isDelException": true, "isClearanceDelay": false, "isDelivered": false}, {"date": "2020-01-17", "time": "13:43:00", "gmtOffset": "+09:00", "status": "FedEx 사무소에 있음", "statusCD": "AR", "scanLocation": "SUWON-SI KR", "scanDetails": "", "scanDetailsHtml": "", "rtrnShprTrkNbr": "", "statusExceptionCode": "", "isException": false, "isDelException": false, "isClearanceDelay": false, "isDelivered": false}, {"date": "2020-01-17", "time": "10:21:00", "gmtOffset": "+09:00", "status": "운송 중", "statusCD": "IT", "scanLocation": "SUWON-SI KR", "scanDetails": "", "scanDetailsHtml": "", "rtrnShprTrkNbr": "", "statusExceptionCode": "", "isException": false, "isDelException": false, "isClearanceDelay": false, "isDelivered": false}, {"date": "2020-01-17", "time": "09:52:00", "gmtOffset": "+09:00", "status": "국제 발송물 배달 - 수입", "statusCD": "CC", "scanLocation": "INCHEON-SI KR", "scanDetails": "", "scanDetailsHtml": "", "rtrnShprTrkNbr": "", "statusExceptionCode": "", "isException": false, "isDelException": false, "isClearanceDelay": false, "isDelivered": false}, {"date": "2020-01-17", "time": "09:48:00", "gmtOffset": "+09:00", "status": "운송 중", "statusCD": "IT", "scanLocation": "INCHEON-SI KR", "scanDetails": "화물 통관 가능", "scanDetailsHtml": "", "rtrnShprTrkNbr": "", "statusExceptionCode": "71", "isException": false, "isDelException": false, "isClearanceDelay": false, "isDelivered": false}, {"date": "2020-01-17", "time": "08:26:00", "gmtOffset": "+09:00", "status": "도착지 분류 시설에 있음", "statusCD": "AR", "scanLocation": "INCHEON-SI KR", "scanDetails": "", "scanDetailsHtml": "", "rtrnShprTrkNbr": "", "statusExceptionCode": "", "isException": false, "isDelException": false, "isClearanceDelay": false, "isDelivered": false}, {"date": "2020-01-17", "time": "04:41:00", "gmtOffset": "+08:00", "status": "운송 중", "statusCD": "IT", "scanLocation": "GUANGZHOU CN", "scanDetails": "", "scanDetailsHtml": "", "rtrnShprTrkNbr": "", "statusExceptionCode": "", "isException": false, "isDelException": false, "isClearanceDelay": false, "isDelivered": false}, {"date": "2020-01-17", "time": "04:36:00", "gmtOffset": "+08:00", "status": "FedEx 사무소 출발", "statusCD": "DP", "scanLocation": "GUANGZHOU CN", "scanDetails": "", "scanDetailsHtml": "", "rtrnShprTrkNbr": "", "statusExceptionCode": "", "isException": false, "isDelException": false, "isClearanceDelay": false, "isDelivered": false}, {"date": "2020-01-17", "time": "02:16:00", "gmtOffset": "+08:00", "status": "FedEx 사무소에 도착", "statusCD": "AR", "scanLocation": "GUANGZHOU CN", "scanDetails": "", "scanDetailsHtml": "", "rtrnShprTrkNbr": "", "statusExceptionCode": "", "isException": false, "isDelException": false, "isClearanceDelay": false, "isDelivered": false}, {"date": "2020-01-16", "time": "22:42:00", "gmtOffset": "+09:00", "status": "운송 중", "statusCD": "IT", "scanLocation": "SENNAN-SHI JP", "scanDetails": "", "scanDetailsHtml": "", "rtrnShprTrkNbr": "", "statusExceptionCode": "", "isException": false, "isDelException": false, "isClearanceDelay": false, "isDelivered": false}, {"date": "2020-01-16", "time": "22:26:00", "gmtOffset": "+09:00", "status": "운송 중", "statusCD": "IT", "scanLocation": "SENNAN-SHI JP", "scanDetails": "", "scanDetailsHtml": "", "rtrnShprTrkNbr": "", "statusExceptionCode": "", "isException": false, "isDelException": false, "isClearanceDelay": false, "isDelivered": false}, {"date": "2020-01-16", "time": "22:09:00", "gmtOffset": "+09:00", "status": "운송 중", "statusCD": "IT", "scanLocation": "SENNAN-SHI JP", "scanDetails": "", "scanDetailsHtml": "", "rtrnShprTrkNbr": "", "statusExceptionCode": "", "isException": false, "isDelException": false, "isClearanceDelay": false, "isDelivered": false}, {"date": "2020-01-16", "time": "19:40:00", "gmtOffset": "+09:00", "status": "FedEx   사무소 출발  ", "statusCD": "DP", "scanLocation": "OSAKA-SHI SUMINOE-KU JP", "scanDetails": "", "scanDetailsHtml": "", "rtrnShprTrkNbr": "", "statusExceptionCode": "", "isException": false, "isDelException": false, "isClearanceDelay": false, "isDelivered": false}, {"date": "2020-01-16", "time": "16:33:00", "gmtOffset": "+09:00", "status": "픽업 완료", "statusCD": "PU", "scanLocation": "OSAKA-SHI SUMINOE-KU JP", "scanDetails": "", "scanDetailsHtml": "", "rtrnShprTrkNbr": "", "statusExceptionCode": "", "isException": false, "isDelException": false, "isClearanceDelay": false, "isDelivered": false}, {"date": "2020-01-15", "time": "23:22:28", "gmtOffset": "-06:00", "status": "FedEx로 전송된 발송 정보", "statusCD": "OC", "scanLocation": "", "scanDetails": "", "scanDetailsHtml": "", "rtrnShprTrkNbr": "", "statusExceptionCode": "", "isException": false, "isDelException": false, "isClearanceDelay": false, "isDelivered": false}], "originAddr1": "", "originAddr2": "", "originAddrLines": null, "originCity": "OSAKA-SHI SUMINOE-KU", "originStateCD": "", "originZip": "", "originCntryCD": "JP", "originLocationID": "OSAA", "originTermCity": "OSAKA-SHI SUMINOE-KU", "originTermStateCD": "", "destLocationAddr1": "263 YEONGTONG-RO YEONGTONG-GU", "destLocationAddr2": "", "destLocationAddrLines": ["263 YEONGTONG-RO YEONGTONG-GU"], "destLocationCity": "SUWON-SI", "destLocationStateCD": "", "destLocationZip": "16679", "destLocationCntryCD": "KR", "destLocationID": "SWUA", "destLocationTermCity": "SUWON-SI", "destLocationTermStateCD": "", "destAddr1": "", "destAddr2": "", "destAddrLines": null, "destCity": "YONGIN-SI GYEONGGI-DO", "destStateCD": "", "destZip": "", "destCntryCD": "KR", "halAddr1": "", "halAddr2": "", "halAddrLines": null, "halCity": "", "halStateCD": "", "halZipCD": "", "halCntryCD": "", "actualDelAddrCity": "YONGIN-SI GYEONGGI-DO", "actualDelAddrStateCD": "", "actualDelAddrZipCD": "", "actualDelAddrCntryCD": "KR", "totalTransitMiles": "", "excepReasonList": [""], "excepActionList": [""], "exceptionReason": "", "exceptionAction": "", "statusDetailsList": [""], "trackErrCD": "", "destTZ": "+09:00", "originTZ": "+09:00", "isMultiStat": "0", "multiStatList": [{"multiPiec": "", "multiTm": "", "multiDispTm": "", "multiSta": ""}], "maskMessage": "", "deliveryService": "", "milestoDestination": "", "terms": "발송인", "payorAcctNbr": "", "meterNumber": "", "originUbanizationCode": "", "originCountryName": "", "isOriginResidential": false, "halUrbanizationCD": "", "halCountryName": "", "actualDelAddrUrbanizationCD": "", "actualDelAddrCountryName": "", "destUrbanizationCD": "", "destCountryName": "", "delToDesc": "거주지", "recpShareID": "", "shprShareID": "", "requestedAppointmentInfoList": [{"spclInstructDesc": "", "delivOptn": "", "delivOptnStatus": "", "reqApptWdw": "", "reqApptDesc": "", "rerouteTRKNbr": "", "beginTm": "", "endTm": ""}], "defaultCDOType": "RTH", "returnAuthorizationName": "", "totalCustomsValueAmount": "", "totalCustomsValueCurrency": "", "packageInsuredValueAmount": "", "packageInsuredValueCurrency": "", "estDelTimeWindow": {"estDelTmWindowStart": "", "estDelTmWindowEnd": "", "displayEstDelTmWindowTmStart": "", "displayEstDelTmWindowTmEnd": ""}, "standardTransitTimeWindow": {"stdTransitTimeStart": "", "displayStdTransitTimeStart": "", "stdTransitTimeEnd": "2020-01-20T18:00:00+09:00", "displayStdTransitTimeEnd": "18:00"}, "standardTransitDate": {"stdTransitDate": "2020-01-20T18:00:00+09:00", "displayStdTransitDate": "20/01/2020"}, "pkgDimIn": "16x13x6 인치", "pkgDimCm": "40.64x33.02x15.24 센티미터", "returnedToShipperTrackNbr": "", "commodityInfoList": [{"countryOfManufacture": "", "harmonizedCode": "", "description": ""}], "statusActionDesc": "", "destinationGeoCoordinate": null, "serviceCommitMessage": "", "serviceCommitMessageType": "", "lastUpdateDestinationAddress": {"streetLineList": [], "city": "YONGIN-SI GYEONGGI-DO", "stateOrProvinceCode": "", "postalCode": "", "countryCode": "KR", "residential": false, "addressVerificationId": "17g8b874ay42dft20nlmf6z14", "shareId": null, "addressClassification": null, "addressClassificationConfidence": null, "classification": null, "urbanizationCode": null, "countryName": "Korea, South", "geographicCoordinates": null, "processingParameters": null}, "halAddressLocationId": null, "streetGeoCoordinate": null, "isIndirectSignatureReleaseEligible": false, "isRerouteEligible": false, "isRescheduleEligible": false, "coBrandedLogoLocation": null, "coBrandedLogoUrl": null, "coBrandedCouponLocation": null, "coBrandedCouponUrl": null, "coBrandedLogoAltTxt": null, "coBrandedCouponAltTxt": null, "brokerName": "", "brokerCompanyName": "", "buyerSoldToPartyName": "", "buyerSoldToPartyCompanyName": "", "importerOfRecordCompanyName": "", "importerOfRecordName": "", "consolidationDetails": null, "exclusionReasonDetails": null, "piecesPerShipment": "0", "totalPiecesPerMPSShipment": "0", "matched": false, "fxfAdvanceNotice": true, "codrequired": false, "mpstype": "", "rthavailableCD": "", "excepReasonListNoInit": [""], "excepActionListNoInit": [""], "statusDetailsListNoInit": [""], "isExpired": false, "isException": false, "isReturn": false, "isDuplicate": false, "errorList": [{"code": "", "message": "", "source": null, "rootCause": null}], "isInProgress": true, "isCanceled": false, "isInvalid": false, "isSuccessful": true, "isExclusionReason": false, "isNotFound": false, "isMultipleStop": false, "isCustomCritical": false, "isFedexOfficeOnlineOrders": false, "isFedexOfficeInStoreOrders": false, "isInTransit": false, "isOnSchedule": false, "isDelException": false, "isHAL": false, "isShipPickupDtLabel": true, "isEstimatedDeliveryDtLabel": false, "isPrePickup": false, "isAnticipatedShipDtLabel": false, "isPickup": false, "isActualPickupLabel": false, "isClearanceDelay": false, "isDelivered": true, "isActualDeliveryDtLabel": true, "isDeliveryDtLabel": false, "isPending": false, "isExpiring": false, "isShipmentException": false, "isInFedExPossession": false, "isDroppedOff": false, "isOrderReceivedLabel": false, "isOrderCompleteLabel": false, "isDeliveryToday": false, "isBeforePossessionStatus": false, "isTenderedDtLabel": false, "isWatch": false, "isHistorical": false, "isTenderedNotification": false, "isDeliveredNotification": true, "isExceptionNotification": false, "isEstimatedDeliveryDateChangeNotification": false, "isCurrentStatusNotification": false, "isFSM": false, "isOutboundDirection": false, "isInboundDirection": false, "isThirdpartyDirection": false, "isUnknownDirection": false, "isFreight": false, "isSpod": true, "isSignatureAvailable": true, "isSignatureThumbnailAvailable": false, "isDocumentAvailable": false, "isMPS": false, "isGMPS": false, "isOriginalOutBound": false, "isCommodityInfoAvail": false, "isDestResidential": true, "isSave": false, "isMtchdByRecShrID": false, "isMtchdByShiprShrID": false, "CDOExists": false, "isCDOEligible": false, "isHalEligible": false, "isReqEstDelDt": false, "CDOInfoList": [{"spclInstructDesc": "", "delivOptn": "", "delivOptnStatus": "", "reqApptWdw": "", "reqApptDesc": "", "rerouteTRKNbr": "", "beginTm": "", "endTm": ""}], "isEstDelTmWindowLabel": false, "isHistoricalEDTW": false, "isNonHistoricalEDTW": false, "isTargetedMsg": false, "isStreetMapEligible": false, "isConsolidationDetail": false, "isResidential": false, "isShipDtLabel": false, "isChildPackage": false, "isParentPackage": false, "isReclassifiedAsSingleShipment": false, "isMaskShipper": false, "isHALResidential": false, "isActualDelAddrResidential": false}], "alerts": null, "cxsalerts": null}}